{"zenbunny":{"x":-440.1549072265625,"y":-119.41900634765625},"spacecat":{"y":-1103.2645263671875,"x":-16773.628295898438}}